{
  "chats":[
      {"title":"如何挑选合适的用电计划", "contents":["https://www.shopmypower.com"]},
    {"title":"屋檐空调管滴水",
      "contents":["空调一般有两个出水管，一个是主管，一个是副管。 主管会链接到房子的排水系统，副管会连到屋檐下面,",
      " 如果副管在滴水，说明主管已经堵塞，需要引起注意. 长期可能会导致空调系统不工作或者漏水. 特别副管长期也堵住的话. 最好的方法是每年清洗,防止堵塞.",
        "【Jun Zhang & 老米】",
        "如果堵的不厉害，那么用bleach 或者 liquid plumber",
        "【J.W. 吸方法】 找到主管的出水口，一般在洗手间的sink 下边,可以用shop-vac 来吸.",
        "【老米的吹方法】1. 用钻头式小砂轮打光三通管内部，使得侧面直上直下。（三通管多有小短管，先切掉，再打宽）2. 买同样的三通管 3. 找一个短管直径正好插入三通 4. 把管头用刀削园，放在新买来的三通管里试，直到严丝合缝",
        "5. 黄色橡胶手套剪下中指，捅个小洞以便通气 6. 短管套上手套中指，使得插入后更加严丝合缝 7. 将短管插入。这样就不会有气流向空调交换箱8. 接上用空气压缩机，橡胶手套可以封住空隙，打开空气压缩机",
        "【Tony】,空调主管滴水处是负压， 不装ptrap就会从这里抽气，这是阁楼里没过滤的气，大概不是你想呼吸的吧。没有过滤当然会搞张机器，也会损坏，因为那里不是设计的进气口，格外的涡流不在预算内. 这个是大师自己设计的, amazon sell a similar product"
      ],
      "images":["img/ac-pipe.png", "img/p-trap.png"]},
    {"title":"水管漏水","contents":["【游子】要用压力表,最怕是foundation leak,hook it to a water outlet. Shutdown all the faucet and toilet. Wait for 10 minutes to see if pressure drops.",
    "【柏庭】有专门的Leak Detection公司，查一次$350， 一年多前的价格,我有个房子就是leak under slab,当时leak detection 给了两个solution, 1。 dig the slab and repair $1800, will have to damage flooring and they dont fix flooring,2. reroute water lines,$ 2500, 后来自己找另外一个Plumber 砍到$1800, 但是Reroute要 cut 好多drywall",
      "【Tony】 用水龙头都关了，看水表动不动。每秒一滴以上的水表都会动。1万gal用水怀疑漏看水表足够了。房子外面都一般两个堵下水道的地方,，一个通外，一个通内.下水，用专门的气囊，放到通外的管子，打气密封。室内放水到 那个通内管子满到口。看能不能保持。上水只要随便一个龙头接个压力表，其他龙头都关死，开总阀，再关总阀。看压力表能否保持"
    ]},
    {"title":"龙头漏水","contents":["【 Tony】传统的淋浴龙头, 尤其热水龙头, 差不多5年那垫片就老化了 .那只要换垫片可以， 最多换阀芯,自己买个阀芯装上。出水小可能喷头滤网堵了,上图是典型的淋浴水龙头。喷头关不死漏水只要拧开换顶头的 SEATWASHER,典型的淋浴水龙头。喷头关不死漏水只要拧开换顶头的 SEATWASHE",
    "【Dennis Kang】:garden faucet 一打开 圆形handle附近就滴水，应该怎么修？",
      "【Tony 大师】康 水龙头的工作原理相同，见上图淋浴水龙头。你这个简单化了而已。是问题2。不用全拆卸。只要拧开顶上螺丝, 卸下圆盘, 再拧开最外面的螺母。去买packing条装回.把手处漏只要填加packing 就行.",
      "【Tony 大师】绿盘后第一个螺母打开,Packing 不是一般的 washer.小圆圈垫片是平面密封。它这个是轴转动密封。要packing材料才行。Packing 是一种像泥一样的填料, 用于滚动轴的水密。当你装进一般的垫片, 会挤压残留的packing, 就起到密封作用了，时间长短取绝于残留packing的量。你那个水阀加packing都不需要关水闸。用板手固定阀芯不松动,只拧顶端第一个螺母。为防万一, 关了总水阀。热水器就不用去动了。",
      "【柏庭】 之前我的sillcock也漏水，我问HD小二，他们建议换成quarter turn sillcock, it almost works for life, 这又什么原理？不需要packing washer?",
      "【Tony 大师】有的sillcock不用packing密封。Packing 密封问题是沿着轴漏水, 其它地方漏水就多半是顶端垫片问题。Sillcock 的结构不同中间的密封圈多。",
      "【Jun Zhang】垫片老化了。你这个在右边应该是冷水。水池下面冷水进水开关关上，把龙头拆开，可能需要八角螺丝刀，带着老化的垫片去 homedepot或者 hardware store找个大小一样的换上就行了。以前国内都用汽车内胎剪，大小可控"
    ],
    "images":["img/facet_01.png", "img/facet_02.png"]},
    {"title":"空调不停下来/空调不制冷","contents":[ "[Mike】空调到76 度 就 下不去了， 外面风扇 出的风不太热， 会是却少氟利昂的原因吗？ 谢谢！",
    "[Tony 大师】Mike 专业的当然要把脉才诊断。业余的可以说90%可能你已找到毛病了，病根哪里漏是另一说。如果你能发现漏痕几乎确诊。压缩机不给力的可能性非常小，但不能完全排除]",
    "【zhiyuan chen】Tony 说的很对！。极少数的情况也可能是metering devise 出问题了。TXV坏了，或者PISTON堵了",
    "【一只无聊的熊 】@Grace 最好的结果，是外面机器的compressor的capacitor坏了，所以外面的风扇还转，较差的结果是哪儿漏了所以制冷剂跑光了，最差的结果是外面的compressor坏了。 ",
    "【Tony 大师】@Grace 最好的结果，只要量一下压缩机有电压, 你自己能做的就是换个电容。解决问题最好, 不行只有请人, 也没浪费多少。",
    "【Imore MITBBS】如果双电容确认是好的,还需要做3步才能最后确认压缩机是否坏了hard start kit,terminal connections,winding"
    ], "images":["img/ac.png"]},
    {"title":"空调的风扇不转", "contents":["【imore from mitbbs living board】 空调在开启的情况下：先检查电箱里给外机用的2 pole circuit breaker, 找到后用点力关了再开。然后去到",
    "外机，如还不工作，看到外机边墙上的AC disconnect box,拉出disconnect,有万用表的话，设在交流电压档测两个 line 斗间是否有240V电，如果见到有保险丝的话，设在Continuity档，测每个fuse 的两端，有呻吟的话说明是好的，disconnect 不要插回",
    "AC disconnect box，打开AC后方面板，这时你会看power contactor 的上下接触铜片是牢牢吸住的，有可能还会发出点声音，然后关掉空调，如果上面的流程都对的话，自己DIY的话也只能先换一个双电容， 不过换以前最好测一下较妥。如没有万用表的话，可关注一下HD有的CL200，该有的功能都有了。"]},
    {"title":"下水道堵塞", "contents":["【崔增林】下水道堵塞，toilet的水会进入shower and tub, 用liquid drainage stuff泡了一夜之后，水下去很多，但还是不太通。有啥好办法? 谁有Plumber推荐?",
    "【Tony 大师】自己做，最好的方法是用plumber bladder,在厕所外墙找到下水通口。用plumber bladder接水管插进去，再放水就成了。注意，插进去要插往下的通道。工作原理 就是靠水压冲开浴缸下水道堵，在里面用plumbing bladder 会有水漫金山危险。浴缸下水道堵， 大多是头发，会打开用蛇为好。不懂如何打开的，就请人"],
        "images":["img/pipe-clean.png","img/bladder.png"]},
    {"title": "清理热水器", "contents":["【MCM】 把garden hose拆下，一头接heater drain接口，另一头一个人扶好对着二楼马桶（注意别烫到），记得拆了nozzles水流才会大不堵塞，另一个人去heater转到pilot档，千万别关煤气。用工具打开放水开关，等水由浑浊到清澈就可以关了，最后从pilot转到运行。温度控制旋钮不需要动到。",
            "专业的说法要把进水口也关了，但我觉得不好: 1 放完水再次进水要放空气，对业余的难度大2.水箱压力消失，放水速度慢污垢不易排出 3.没有高度差，水排不干净 4. 双水箱的连出水口也要关"
    ]},
    {"title":"天花板出现漏水", "contents":["【Yan Liu 】一楼天花板出现漏水的印记，不清楚什么时候开始的了，测量发现是楼上浴缸的位置……请问应该怎么处理，要把浴缸拆下来修吗？",
    "【Jun Zhang】有几个可能性，一个是浴缸 overflow下水的接口处老化裂开，还有就是浴缸的下水接口，再有就是墙里进水管道或者开关漏，需要一个一个排除。如果马桶跟浴缸在附近，你看一下马桶附近有没有水印，有的话就是马桶的水管或者排水漏。排除先从容易不要拆墙的开始。有 Tony大师在肯定搞得定。我自己有过一样的问题，打开墙顶排查出来的。补好墙顶找到一样的油漆是最大问题。而且是 Orange peel texture, 咋搞都跟原来不一样。如果楼上没有其他房间，一层的房子？可以上到 attic里吗？如果可以进去的话应该直接能看到房顶漏不漏吧。或者在外墙看看，是不是gutter漏水溢出到外墙内了，或者屋顶接口的calking裂开了。"],
    "images":["img/ceiling.png"]},
    {"title": "墙里的热水管渗水", "contents":[" 【柏庭] 把有渗水的sheet rock破开， 看看哪里漏水，做好标记关总闸, 然后把漏的那一段切下来，换新的，换新的不要用铜管，用 pex,在 home depot lowes 都有 铜管和 pex 的 coupling卖的"]},
    {"title":"正确砍树", "contents":["【崔增林】锯树时被树缴械非常尴尬，若正好没有备用工具，会弄得措手不及。 正确的方法是先在倒下的方向锯三分之一到一半，然后从反向锯直至断。如果是大树，最好有另一人帮忙，要先在尽量高的树枝上系上粗绳，选好倒下的方向，让人远远地拉着。锯树时从倒下方向一侧横着切一个三角形楔子下来，楔子约10-30度，深约树直径的三分之一到一半，以树不倒为准。然后从树倒的反向一侧锯，同时让另一人拉绳，几分钟就会将大树放倒。如果最终需挖除树根，最好留一高树桩，这样挖树根时会有一杠杆作用，便于用力",
    "【Jun Zhang】正确方法是，锯掉树枝，小的到大的顺序，然后树干。为了掌握树枝树干倒向，要在倒下去的方向锯三角口，大概树干的1/3-1/2的距离，然后反方向锯断。如果要保证倒的方向，要绑绳子或者反方向支撑。我自己干掉的一颗树比你的稍微大些，我用了12分的措施保证安全。而且尽量不要上梯子用电锯。我宁愿站在地上用 pole saw. 这两种锯我都有。"],
    "images":["img/tree_cut.png"]},
    {"title":"车库的传动装置从墙上脱落", "contents":["【Paul 】在墙上钉块2x4, 重新装上螺丝，不就达了.【Tony 大师】加块木板, 木板俩边用膨胀螺丝固定在墙上(或找到墙内木条上螺钉), 木板中间联接传动装置。 "], "images":["img/GarageDoor.jpg"]}
  ],
  "contacts":[
     {"title":"群里DIY指导大师","contactList":[{"name":"Tony, 风云， Jun Zhang", "phone":"", "recommended":"J.W."}] },
     {"title":"地毯","contactList":[{"name":"Curtis", "phone":"972-424-2525", "recommended":"Min Zhou"}] },
     {"title":"Real Estate Agents","contactList":[ {"name":"Brian", "phone":"972-836-9380", "recommended":"J.W."}, {"name":"Wendy Huang", "phone":"214-796-4602", "recommended":"J.W."},{"name":"Fran Wilson", "phone":"214-563-4226","recommended":"Ping Yan"}] }, 
     {"title":"Morgage Banker", "contactList":[{"name":"Clara", "phone":"281-520-7278","recommended":"J.W."}, {"name":"first lending", "phone":"972-818-2800", "recommended":"Yifei"} ] },
     {"title":"plumber", "contactList":[{"name":"Mark Ondras", "phone":"972-253-3355", "recommended":"Jun Zhang" },{"name":"阿昌哥", "phone":"214-906-4720", "recommended":"Wendy Huang"}] },
     {"title":"AC","contactList":[{"name":"Tim's Air", "phone":"972-697-7079", "recommended":"善文" },{"name":"薛飞","phone":"682-583-1898","recommended":"sujie"}, {"name":"陈师傅", "phone":"972-522-9054", "recommended":"JW"},{"name":"何晓峰", "phone":"469-563-5262", "recommended":"张小雄"}, {"name":"Hal", "phone":"469-449-8898", "recommended":"Lisa"} ] },
     {"title":"Sprinke", "contactList":[{"name":"Bo Bay", "phone":"972-948-0906", "recommended":"书环"}] },
     {"title":"Garage", "contactList":[{"name":"TN Garage Door", "phone":"469-766-3768", "recommended":"Multiple"}, {"name":"Jose", "phone":"469-878-7022","recommended":"Wendy Huang"}] },
     {"title":"Roofer", "contactList":[{"name":"chao", "phone":"2073211107", "recommended":"Jay Liu"},{"name":"Allen Wu", "phone":"2149230798", "recommended":"Y.H."}]}
  ]
}
